AnalyserNode.prototype.getByteFrequencyData^68,method
AnalyserNode.prototype.getByteTimeDomainData,68,method
AnalyserNode.prototype.getFloatFrequencyData,68,method
AnalyserNode.prototype.getFloatTimeDomainData,68,method
AudioBuffer.prototype.copyFromChannel,68,method
AudioBuffer.prototype.copyToChannel,68,method
AudioBuffer.prototype.getChannelData,68,method
AudioBufferSourceNode.prototype.start,68,method
AudioBufferSourceNode.prototype.stop,68,method
AudioContext.prototype.close,68,promise
AudioContext.prototype.createAnalyser,68,method
AudioContext.prototype.createBiquadFilter,68,method
AudioContext.prototype.createBuffer,68,method
AudioContext.prototype.createBufferSource,68,method
AudioContext.prototype.createChannelMerger,68,method
AudioContext.prototype.createChannelSplitter,68,method
AudioContext.prototype.createConvolver,68,method
AudioContext.prototype.createDelay,68,method
AudioContext.prototype.createDynamicsCompressor,68,method
AudioContext.prototype.createGain,68,method
AudioContext.prototype.createMediaElementSource,68,method
AudioContext.prototype.createMediaStreamDestination,68,method
AudioContext.prototype.createMediaStreamSource,68,method
AudioContext.prototype.createOscillator,68,method
AudioContext.prototype.createPanner,68,method
AudioContext.prototype.createPeriodicWave,68,method
AudioContext.prototype.createScriptProcessor,68,method
AudioContext.prototype.createStereoPanner,68,method
AudioContext.prototype.createWaveShaper,68,method
AudioContext.prototype.decodeAudioData,68,promise
AudioContext.prototype.resume,68,promise
AudioContext.prototype.suspend,68,promise
AudioListener.prototype.setOrientation,68,method
AudioListener.prototype.setPosition,68,method
AudioListener.prototype.setVelocity,68,method
AudioNode.prototype.connect,68,method
AudioNode.prototype.disconnect,68,method
AudioParam.prototype.cancelScheduledValues,68,method
AudioParam.prototype.exponentialRampToValueAtTime,68,method
AudioParam.prototype.linearRampToValueAtTime,68,method
AudioParam.prototype.setValueAtTime,68,method
AudioParam.prototype.setValueCurveAtTime,68,method
BiquadFilterNode.prototype.getFrequencyResponse,68,method
Blob.prototype.slice,24,method
BroadcastChannel.prototype.close,30,method
BroadcastChannel.prototype.postMessage,30,method
Cache.prototype.add,58,promise
Cache.prototype.addAll,58,promise
Cache.prototype.delete,58,promise
Cache.prototype.keys,58,promise
Cache.prototype.match,58,promise
Cache.prototype.matchAll,58,promise
Cache.prototype.put,58,promise
CacheStorage.prototype.delete,58,promise
CacheStorage.prototype.has,58,promise
CacheStorage.prototype.keys,58,promise
CacheStorage.prototype.match,58,promise
CacheStorage.prototype.open,58,promise
CanvasCaptureMediaStream.prototype.requestFrame,44,method
CanvasGradient.prototype.addColorStop,31,method
CanvasPattern.prototype.setTransform,31,method
CanvasRenderingContext2D.prototype.arc,31,method
CanvasRenderingContext2D.prototype.arcTo,31,method
CanvasRenderingContext2D.prototype.beginPath,31,method
CanvasRenderingContext2D.prototype.bezierCurveTo,31,method
CanvasRenderingContext2D.prototype.clearRect,31,method
CanvasRenderingContext2D.prototype.clip,31,method
CanvasRenderingContext2D.prototype.closePath,31,method
CanvasRenderingContext2D.prototype.createImageData,31,method
CanvasRenderingContext2D.prototype.createLinearGradient,31,method
CanvasRenderingContext2D.prototype.createPattern,31,method
CanvasRenderingContext2D.prototype.createRadialGradient,31,method
CanvasRenderingContext2D.prototype.drawFocusIfNeeded,31,method
CanvasRenderingContext2D.prototype.drawImage,31,method
CanvasRenderingContext2D.prototype.fill,31,method
CanvasRenderingContext2D.prototype.fillRect,31,method
CanvasRenderingContext2D.prototype.fillText,31,method
CanvasRenderingContext2D.prototype.getImageData,31,method
CanvasRenderingContext2D.prototype.getLineDash,31,method
CanvasRenderingContext2D.prototype.isPointInPath,31,method
CanvasRenderingContext2D.prototype.isPointInStroke,31,method
CanvasRenderingContext2D.prototype.lineTo,31,method
CanvasRenderingContext2D.prototype.measureText,31,method
CanvasRenderingContext2D.prototype.moveTo,31,method
CanvasRenderingContext2D.prototype.putImageData,31,method
CanvasRenderingContext2D.prototype.quadraticCurveTo,31,method
CanvasRenderingContext2D.prototype.rect,31,method
CanvasRenderingContext2D.prototype.resetTransform,31,method
CanvasRenderingContext2D.prototype.restore,31,method
CanvasRenderingContext2D.prototype.rotate,31,method
CanvasRenderingContext2D.prototype.save,31,method
CanvasRenderingContext2D.prototype.scale,31,method
CanvasRenderingContext2D.prototype.setLineDash,31,method
CanvasRenderingContext2D.prototype.setTransform,31,method
CanvasRenderingContext2D.prototype.stroke,31,method
CanvasRenderingContext2D.prototype.strokeRect,31,method
CanvasRenderingContext2D.prototype.strokeText,31,method
CanvasRenderingContext2D.prototype.transform,31,method
CanvasRenderingContext2D.prototype.translate,31,method
CaretPosition.prototype.getClientRect,7,method
CharacterData.prototype.appendData,18,method
CharacterData.prototype.deleteData,18,method
CharacterData.prototype.insertData,18,method
CharacterData.prototype.remove,18,method
CharacterData.prototype.replaceData,18,method
CharacterData.prototype.substringData,18,method
CommandEvent.prototype.initCommandEvent,76,method
CompositionEvent.prototype.initCompositionEvent,63,method
Console.prototype.assert,3,method
Console.prototype.clear,3,method
Console.prototype.count,3,method
Console.prototype.debug,3,method
Console.prototype.dir,3,method
Console.prototype.dirxml,3,method
Console.prototype.error,3,method
Console.prototype.group,3,method
Console.prototype.groupCollapsed,3,method
Console.prototype.groupEnd,3,method
Console.prototype.info,3,method
Console.prototype.log,3,method
Console.prototype.markTimeline,3,method
Console.prototype.profile,3,method
Console.prototype.profileEnd,3,method
Console.prototype.table,3,method
Console.prototype.time,3,method
Console.prototype.timeEnd,3,method
Console.prototype.timeline,3,method
Console.prototype.timelineEnd,3,method
Console.prototype.timeStamp,3,method
Console.prototype.trace,3,method
Console.prototype.warn,3,method
Crypto.prototype.getRandomValues,69,method
CSS.escape,6,method
CSS.supports,4,method
CSSPrimitiveValue.prototype.getCounterValue,14,method
CSSPrimitiveValue.prototype.getFloatValue,14,method
CSSPrimitiveValue.prototype.getRectValue,14,method
CSSPrimitiveValue.prototype.getRGBColorValue,14,method
CSSPrimitiveValue.prototype.getStringValue,14,method
CSSPrimitiveValue.prototype.setFloatValue,14,method
CSSPrimitiveValue.prototype.setStringValue,14,method
CSSRuleList.prototype.item,14,method
CSSStyleDeclaration.prototype.getPropertyCSSValue,14,method
CSSStyleDeclaration.prototype.getPropertyPriority,14,method
CSSStyleDeclaration.prototype.getPropertyValue,14,method
CSSStyleDeclaration.prototype.item,14,method
CSSStyleDeclaration.prototype.removeProperty,14,method
CSSStyleDeclaration.prototype.setProperty,14,method
CSSStyleSheet.prototype.deleteRule,14,method
CSSStyleSheet.prototype.insertRule,14,method
CSSValueList.prototype.item,14,method
CustomEvent.prototype.initCustomEvent,18,method
DataChannel.prototype.close,71,method
DataChannel.prototype.send,71,method
DataTransfer.prototype.addElement,37,method
DataTransfer.prototype.clearData,37,method
DataTransfer.prototype.getData,37,method
DataTransfer.prototype.mozClearDataAt,37,method
DataTransfer.prototype.mozGetDataAt,37,method
DataTransfer.prototype.mozSetDataAt,37,method
DataTransfer.prototype.mozTypesAt,37,method
DataTransfer.prototype.setData,37,method
DataTransfer.prototype.setDragImage,37,method
DesktopNotification.prototype.show,48,method
DesktopNotificationCenter.prototype.createNotification,48,method
DeviceMotionEvent.prototype.initDeviceMotionEvent,8,method
DeviceOrientationEvent.prototype.initDeviceOrientationEvent,8,method
Directory.prototype.getFilesAndDirectories,9,promise
document.activeElement,37,property
document.body,37,property
document.characterSet,18,property
document.childElementCount,18,property
document.children,18,property
document.close,18,method
document.compatMode,18,property
document.contentType,18,property
document.cookie,13,property
document.currentScript,37,property
document.defaultView,39,property
document.designMode,37,property
document.dir,37,property
document.doctype,11,property
document.documentElement,11,property
document.documentURI,16,property
document.domain,11,property
document.embeds,76,property
document.execCommand,22,method
document.firstElementChild,18,property
document.fonts,5,property
document.forms,13,property
document.getElementsByName,13,method
document.getItems,37,method
document.head,37,property
document.hidden,49,property
document.images,37,property
document.implementation,11,property
document.inputEncoding,18,property
document.lastElementChild,18,property
document.lastModified,37,property
document.lastStyleSheetSet,37,property
document.links,37,property
document.location,39,property
document.mozFullScreen,25,property
document.mozFullScreenElement,25,property
document.mozFullScreenEnabled,25,property
document.mozHidden,49,property
document.mozPointerLockElement,52,property
document.mozVisibilityState,49,property
document.onabort,37,property
document.onafterscriptexecute,39,property
document.onbeforescriptexecute,39,property
document.onblur,37,property
document.oncanplay,37,property
document.oncanplaythrough,37,property
document.onchange,37,property
document.onclick,37,property
document.oncontextmenu,37,property
document.oncopy,37,property
document.oncut,37,property
document.ondblclick,37,property
document.ondrag,37,property
document.ondragend,37,property
document.ondragenter,37,property
document.ondragleave,37,property
document.ondragover,37,property
document.ondragstart,37,property
document.ondrop,37,property
document.ondurationchange,37,property
document.onemptied,37,property
document.onended,37,property
document.onerror,37,property
document.onfocus,37,property
document.oninput,37,property
document.oninvalid,37,property
document.onkeydown,37,property
document.onkeypress,37,property
document.onkeyup,37,property
document.onload,37,property
document.onloadeddata,37,property
document.onloadedmetadata,37,property
document.onloadstart,37,property
document.onmousedown,37,property
document.onmouseenter,37,property
document.onmouseleave,37,property
document.onmousemove,37,property
document.onmouseout,37,property
document.onmouseover,37,property
document.onmouseup,37,property
document.onmozfullscreenchange,25,property
document.onmozfullscreenerror,25,property
document.onmozpointerlockchange,52,property
document.onmozpointerlockerror,52,property
document.onpaste,37,property
document.onpause,37,property
document.onplay,37,property
document.onplaying,37,property
document.onprogress,37,property
document.onratechange,37,property
document.onreadystatechange,37,property
document.onreset,37,property
document.onresize,37,property
document.onscroll,37,property
document.onseeked,37,property
document.onseeking,37,property
document.onselect,37,property
document.onshow,37,property
document.onstalled,37,property
document.onsubmit,37,property
document.onsuspend,37,property
document.ontimeupdate,37,property
document.onvolumechange,37,property
document.onwaiting,37,property
document.onwheel,37,property
document.open,13,method
document.plugins,34,property
document.preferredStyleSheetSet,39,property
Document.prototype.adoptNode,16,method
Document.prototype.caretPositionFromPoint,6,method
Document.prototype.createAttribute,18,method
Document.prototype.createAttributeNS,11,method
Document.prototype.createCDATASection,11,method
Document.prototype.createComment,11,method
Document.prototype.createDocumentFragment,11,method
Document.prototype.createElement,18,method
Document.prototype.createElementNS,11,method
Document.prototype.createEvent,12,method
Document.prototype.createExpression,17,method
Document.prototype.createNodeIterator,15,method
Document.prototype.createNSResolver,17,method
Document.prototype.createProcessingInstruction,18,method
Document.prototype.createRange,15,method
Document.prototype.createTextNode,11,method
Document.prototype.createTreeWalker,15,method
Document.prototype.elementFromPoint,6,method
Document.prototype.enableStyleSheetsForSet,37,method
Document.prototype.evaluate,17,method
Document.prototype.getElementById,10,method
Document.prototype.getElementsByClassName,18,method
Document.prototype.getElementsByTagName,10,method
Document.prototype.getElementsByTagNameNS,11,method
Document.prototype.hasFocus,37,method
Document.prototype.importNode,11,method
Document.prototype.mozCancelFullScreen,25,method
Document.prototype.mozExitPointerLock,52,method
Document.prototype.mozSetImageElement,76,method
Document.prototype.querySelector,57,method
Document.prototype.querySelectorAll,57,method
Document.prototype.releaseCapture,76,method
document.queryCommandEnabled,22,method
document.queryCommandIndeterm,22,method
document.queryCommandState,22,method
document.queryCommandSupported,22,method
document.queryCommandValue,22,method
document.readyState,39,property
document.referrer,13,property
document.scripts,18,property
document.selectedStyleSheetSet,37,property
document.styleSheets,14,property
document.styleSheetSets,37,property
document.title,13,property
document.URL,13,property
document.visibilityState,49,property
document.write,13,method
document.writeln,13,method
DocumentFragment.prototype.getElementById,18,method
DocumentFragment.prototype.querySelector,57,method
DocumentFragment.prototype.querySelectorAll,57,method
DocumentType.prototype.remove,18,method
DOMCursor.prototype.continue,76,method
DOMImplementation.prototype.createDocument,11,method
DOMImplementation.prototype.createDocumentType,11,method
DOMImplementation.prototype.createHTMLDocument,18,method
DOMImplementation.prototype.hasFeature,11,method
DOMMatrix.prototype.invertSelf,28,method
DOMMatrix.prototype.multiplySelf,28,method
DOMMatrix.prototype.preMultiplySelf,28,method
DOMMatrix.prototype.rotateAxisAngleSelf,28,method
DOMMatrix.prototype.rotateFromVectorSelf,28,method
DOMMatrix.prototype.rotateSelf,28,method
DOMMatrix.prototype.scale3dSelf,28,method
DOMMatrix.prototype.scaleNonUniformSelf,28,method
DOMMatrix.prototype.scaleSelf,28,method
DOMMatrix.prototype.setMatrixValue,28,method
DOMMatrix.prototype.skewXSelf,28,method
DOMMatrix.prototype.skewYSelf,28,method
DOMMatrix.prototype.translateSelf,28,method
DOMMatrixReadOnly.prototype.flipX,28,method
DOMMatrixReadOnly.prototype.flipY,28,method
DOMMatrixReadOnly.prototype.inverse,28,method
DOMMatrixReadOnly.prototype.multiply,28,method
DOMMatrixReadOnly.prototype.rotate,28,method
DOMMatrixReadOnly.prototype.rotateAxisAngle,28,method
DOMMatrixReadOnly.prototype.rotateFromVector,28,method
DOMMatrixReadOnly.prototype.scale,28,method
DOMMatrixReadOnly.prototype.scale3d,28,method
DOMMatrixReadOnly.prototype.scaleNonUniform,28,method
DOMMatrixReadOnly.prototype.skewX,28,method
DOMMatrixReadOnly.prototype.skewY,28,method
DOMMatrixReadOnly.prototype.toFloat32Array,28,method
DOMMatrixReadOnly.prototype.toFloat64Array,28,method
DOMMatrixReadOnly.prototype.transformPoint,28,method
DOMMatrixReadOnly.prototype.translate,28,method
DOMParser.prototype.parseFromString,19,method
DOMRectList.prototype.item,28,method
DOMRequest.prototype.then,76,promise
DOMStringList.prototype.contains,16,method
DOMStringList.prototype.item,16,method
DOMTokenList.prototype.add,18,method
DOMTokenList.prototype.contains,18,method
DOMTokenList.prototype.item,18,method
DOMTokenList.prototype.remove,18,method
DOMTokenList.prototype.toggle,18,method
DragEvent.prototype.initDragEvent,40,method
Element.prototype.closest,18,method
Element.prototype.getAttribute,10,method
Element.prototype.getAttributeNode,10,method
Element.prototype.getAttributeNodeNS,11,method
Element.prototype.getAttributeNS,11,method
Element.prototype.getBoundingClientRect,6,method
Element.prototype.getClientRects,6,method
Element.prototype.getElementsByClassName,18,method
Element.prototype.getElementsByTagName,10,method
Element.prototype.getElementsByTagNameNS,11,method
Element.prototype.hasAttribute,11,method
Element.prototype.hasAttributeNS,11,method
Element.prototype.hasAttributes,11,method
Element.prototype.insertAdjacentHTML,19,method
Element.prototype.matches,18,method
Element.prototype.mozMatchesSelector,18,method
Element.prototype.mozRequestFullScreen,25,method
Element.prototype.mozRequestPointerLock,52,method
Element.prototype.querySelector,57,method
Element.prototype.querySelectorAll,57,method
Element.prototype.releaseCapture,76,method
Element.prototype.remove,18,method method
Element.prototype.removeAttribute,10,method
Element.prototype.removeAttributeNode,10,method
Element.prototype.removeAttributeNS,11,method
Element.prototype.scroll,6,method
Element.prototype.scrollBy,6,method
Element.prototype.scrollIntoView,6,method
Element.prototype.scrollTo,6,method
Element.prototype.setAttribute,10,method
Element.prototype.setAttributeNode,10,method
Element.prototype.setAttributeNodeNS,11,method
Element.prototype.setAttributeNS,11,method
Element.prototype.setCapture,76,method
Event.prototype.getPreventDefault,76,method
Event.prototype.initEvent,12,method
Event.prototype.preventDefault,12,method
Event.prototype.stopImmediatePropagation,63,method
Event.prototype.stopPropagation,12,method
EventSource.prototype.close,37,method
EventTarget.prototype.addEventListener,12,method
EventTarget.prototype.dispatchEvent,12,method
EventTarget.prototype.removeEventListener,12,method
External.prototype.addSearchEngine,40,method
External.prototype.AddSearchProvider,40,method
External.prototype.IsSearchProviderInstalled,40,method
FileList.prototype.item,24,method
FileReader.prototype.abort,24,method
FileReader.prototype.readAsArrayBuffer,24,method
FileReader.prototype.readAsBinaryString,24,method
FileReader.prototype.readAsDataURL,24,method
FileReader.prototype.readAsText,24,method
FontFace.prototype.load,5,promise
FontFaceSet.prototype.add,5,method
FontFaceSet.prototype.check,5,method
FontFaceSet.prototype.clear,5,method
FontFaceSet.prototype.delete,5,method
FontFaceSet.prototype.entries,5,method
FontFaceSet.prototype.forEach,5,method
FontFaceSet.prototype.has,5,method
FontFaceSet.prototype.keys,5,method
FontFaceSet.prototype.load,5,promise
FontFaceSet.prototype.values,5,method
FormData.prototype.append,73,method
FormData.prototype.delete,73,method
FormData.prototype.get,73,method
FormData.prototype.getAll,73,method
FormData.prototype.has,73,method
FormData.prototype.set,73,method
HashChangeEvent.prototype.initHashChangeEvent,37,method
Headers.prototype.append,23,method
Headers.prototype.delete,23,method
Headers.prototype.get,23,method
Headers.prototype.getAll,23,method
Headers.prototype.has,23,method
Headers.prototype.set,23,method
History.prototype.back,38,method
History.prototype.forward,38,method
History.prototype.go,38,method
History.prototype.pushState,38,method
History.prototype.replaceState,38,method
HTMLAllCollection.prototype.item,37,method
HTMLAllCollection.prototype.namedItem,37,method
HTMLButtonElement.prototype.checkValidity,39,method
HTMLButtonElement.prototype.setCustomValidity,39,method
HTMLCanvasElement.prototype.captureStream,44,method
HTMLCanvasElement.prototype.getContext,31,method
HTMLCanvasElement.prototype.mozGetAsFile,31,method
HTMLCanvasElement.prototype.toBlob,31,method
HTMLCanvasElement.prototype.toDataURL,31,method
HTMLCollection.prototype.item,10,method
HTMLCollection.prototype.namedItem,10,method
HTMLContentElement.prototype.getDistributedNodes,59,method
HTMLDocument.prototype.captureEvents,76,method
HTMLDocument.prototype.clear,37,method
HTMLDocument.prototype.close,10,method
HTMLDocument.prototype.execCommand,22,method
HTMLDocument.prototype.getElementsByName,13,method
HTMLDocument.prototype.getItems,37,method
HTMLDocument.prototype.getSelection,56,method
HTMLDocument.prototype.open,10,method
HTMLDocument.prototype.queryCommandEnabled,22,method
HTMLDocument.prototype.queryCommandIndeterm,22,method
HTMLDocument.prototype.queryCommandState,22,method
HTMLDocument.prototype.queryCommandSupported,22,method
HTMLDocument.prototype.queryCommandValue,22,method
HTMLDocument.prototype.releaseEvents,76,method
HTMLDocument.prototype.write,10,method
HTMLDocument.prototype.writeln,10,method
HTMLElement.prototype.blur,13,method
HTMLElement.prototype.click,10,method
HTMLElement.prototype.focus,10,method
HTMLEmbedElement.prototype.getSVGDocument,55,method
HTMLFieldSetElement.prototype.checkValidity,39,method
HTMLFieldSetElement.prototype.setCustomValidity,39,method
HTMLFormControlsCollection.prototype.item,39,method
HTMLFormElement.prototype.checkValidity,39,method
HTMLFormElement.prototype.reset,10,method
HTMLFormElement.prototype.submit,10,method
HTMLIFrameElement.prototype.getSVGDocument,55,method
HTMLInputElement.prototype.checkValidity,39,method
HTMLInputElement.prototype.mozIsTextField,76,method
HTMLInputElement.prototype.select,10,method
HTMLInputElement.prototype.setCustomValidity,39,method
HTMLInputElement.prototype.setRangeText,39,method
HTMLInputElement.prototype.setSelectionRange,39,method
HTMLInputElement.prototype.stepDown,39,method
HTMLInputElement.prototype.stepUp,39,method
HTMLMediaElement.prototype.addTextTrack,39,method
HTMLMediaElement.prototype.canPlayType,39,method
HTMLMediaElement.prototype.fastSeek,39,method
HTMLMediaElement.prototype.load,39,method
HTMLMediaElement.prototype.mozCaptureStream,39,method
HTMLMediaElement.prototype.mozCaptureStreamUntilEnded,39,method
HTMLMediaElement.prototype.mozGetMetadata,39,method
HTMLMediaElement.prototype.pause,39,method
HTMLMediaElement.prototype.play,39,method
HTMLMediaElement.prototype.setMediaKeys,39,promise
HTMLObjectElement.prototype.checkValidity,39,method
HTMLObjectElement.prototype.getSVGDocument,55,method
HTMLObjectElement.prototype.setCustomValidity,39,method
HTMLOptionsCollection.prototype.add,39,method
HTMLOptionsCollection.prototype.remove,39,method
HTMLOutputElement.prototype.checkValidity,39,method
HTMLOutputElement.prototype.setCustomValidity,39,method
HTMLPropertiesCollection.prototype.item,76,method
HTMLPropertiesCollection.prototype.namedItem,76,method
HTMLSelectElement.prototype.add,10,method
HTMLSelectElement.prototype.checkValidity,39,method
HTMLSelectElement.prototype.item,10,method
HTMLSelectElement.prototype.namedItem,10,method
HTMLSelectElement.prototype.remove,10,method
HTMLSelectElement.prototype.setCustomValidity,39,method
HTMLTableElement.prototype.createCaption,10,method
HTMLTableElement.prototype.createTBody,10,method
HTMLTableElement.prototype.createTFoot,10,method
HTMLTableElement.prototype.createTHead,10,method
HTMLTableElement.prototype.deleteCaption,10,method
HTMLTableElement.prototype.deleteRow,10,method
HTMLTableElement.prototype.deleteTFoot,10,method
HTMLTableElement.prototype.deleteTHead,10,method
HTMLTableElement.prototype.insertRow,10,method
HTMLTableRowElement.prototype.deleteCell,10,method
HTMLTableRowElement.prototype.insertCell,10,method
HTMLTableSectionElement.prototype.deleteRow,10,method
HTMLTableSectionElement.prototype.insertRow,10,method
HTMLTextAreaElement.prototype.checkValidity,39,method
HTMLTextAreaElement.prototype.select,10,method
HTMLTextAreaElement.prototype.setCustomValidity,39,method
HTMLTextAreaElement.prototype.setRangeText,39,method
HTMLTextAreaElement.prototype.setSelectionRange,39,method
HTMLVideoElement.prototype.getVideoPlaybackQuality,45,method
IDBCursor.prototype.advance,42,method
IDBCursor.prototype.continue,42,method
IDBCursor.prototype.delete,42,method
IDBCursor.prototype.update,42,method
IDBDatabase.prototype.close,42,method
IDBDatabase.prototype.createMutableFile,42,method
IDBDatabase.prototype.createObjectStore,42,method
IDBDatabase.prototype.deleteObjectStore,42,method
IDBDatabase.prototype.mozCreateFileHandle,42,method
IDBDatabase.prototype.transaction,42,method
IDBFactory.prototype.cmp,42,method
window.captureEvents,76,method
IDBFactory.prototype.deleteDatabase,42,method
IDBFactory.prototype.open,42,method
IDBFileHandle.prototype.abort,42,method
IDBFileHandle.prototype.append,42,method
IDBFileHandle.prototype.flush,42,method
IDBFileHandle.prototype.getMetadata,42,method
IDBFileHandle.prototype.readAsArrayBuffer,42,method
IDBFileHandle.prototype.readAsText,42,method
IDBFileHandle.prototype.truncate,42,method
IDBFileHandle.prototype.write,42,method
IDBIndex.prototype.count,42,method
IDBIndex.prototype.get,42,method
IDBIndex.prototype.getKey,42,method
IDBIndex.prototype.mozGetAll,42,method
IDBIndex.prototype.mozGetAllKeys,42,method
IDBIndex.prototype.openCursor,42,method
IDBIndex.prototype.openKeyCursor,42,method
IDBKeyRange.bound,42,method
IDBKeyRange.lowerBound,42,method
IDBKeyRange.only,42,method
IDBKeyRange.upperBound,42,method
IDBMutableFile.prototype.getFile,42,method
IDBMutableFile.prototype.open,42,method
IDBObjectStore.prototype.add,42,method
IDBObjectStore.prototype.clear,42,method
IDBObjectStore.prototype.count,42,method
IDBObjectStore.prototype.createIndex,42,method
IDBObjectStore.prototype.delete,42,method
IDBObjectStore.prototype.deleteIndex,42,method
IDBObjectStore.prototype.get,42,method
IDBObjectStore.prototype.index,42,method
IDBObjectStore.prototype.mozGetAll,42,method
IDBObjectStore.prototype.openCursor,42,method
IDBObjectStore.prototype.put,42,method
IDBTransaction.prototype.abort,42,method
IDBTransaction.prototype.objectStore,42,method
KeyboardEvent.prototype.getModifierState,63,method
KeyboardEvent.prototype.initKeyEvent,63,method
LocalMediaStream.prototype.stop,43,method
location.assign,39,method
location.reload,39,method
location.replace,39,method
MediaDevices.prototype.enumerateDevices,43,promise
MediaDevices.prototype.getUserMedia,43,promise
MediaKeys.prototype.createSession,21,method
MediaKeys.prototype.setServerCertificate,21,promise
MediaKeySession.prototype.close,21,promise
MediaKeySession.prototype.generateRequest,21,promise
MediaKeySession.prototype.load,21,promise
MediaKeySession.prototype.remove,21,promise
MediaKeySession.prototype.update,21,promise
MediaKeyStatusMap.prototype.entries,21,method
MediaKeyStatusMap.prototype.keys,21,method
MediaKeyStatusMap.prototype.values,21,method
MediaKeySystemAccess.prototype.createMediaKeys,21,promise
MediaKeySystemAccess.prototype.getConfiguration,21,method
MediaList.prototype.appendMedium,6,method
MediaList.prototype.deleteMedium,6,method
MediaList.prototype.item,6,method
MediaQueryList.prototype.addListener,6,method
MediaQueryList.prototype.removeListener,6,method
MediaRecorder.prototype.pause,46,method
MediaRecorder.prototype.requestData,46,method
MediaRecorder.prototype.resume,46,method
MediaRecorder.prototype.start,46,method
MediaRecorder.prototype.stop,46,method
MediaSource.isTypeSupported,45,method
MediaSource.prototype.addSourceBuffer,45,method
MediaSource.prototype.endOfStream,45,method
MediaSource.prototype.removeSourceBuffer,45,method
MediaStream.prototype.getAudioTracks,46,method
MediaStream.prototype.getTracks,46,method
MediaStream.prototype.getVideoTracks,46,method
MediaStreamTrack.prototype.applyConstraints,46,promise
MediaStreamTrack.prototype.stop,46,method
MessagePort.prototype.close,33,method
MessagePort.prototype.postMessage,33,method
MessagePort.prototype.start,33,method
MimeTypeArray.prototype.item,34,method
MimeTypeArray.prototype.namedItem,34,method
MouseEvent.prototype.getModifierState,63,method
MouseEvent.prototype.initMouseEvent,63,method
MouseEvent.prototype.initNSMouseEvent,76,method
MouseScrollEvent.prototype.initMouseScrollEvent,76,method
mozContact.prototype.init,76,method
MozPowerManager.prototype.addWakeLockListener,76,method
MozPowerManager.prototype.factoryReset,76,method
MozPowerManager.prototype.getWakeLockState,76,method
MozPowerManager.prototype.powerOff,76,method
MozPowerManager.prototype.reboot,76,method
MozPowerManager.prototype.removeWakeLockListener,76,method
mozRTCPeerConnection.generateCertificate,71,promise
mozRTCPeerConnection.prototype.addIceCandidate,71,promise
mozRTCPeerConnection.prototype.addStream,71,method
mozRTCPeerConnection.prototype.addTrack,71,method
mozRTCPeerConnection.prototype.close,71,method
mozRTCPeerConnection.prototype.createAnswer,71,promise
mozRTCPeerConnection.prototype.createDataChannel,71,method
mozRTCPeerConnection.prototype.createOffer,71,promise
mozRTCPeerConnection.prototype.getConfiguration,71,method
mozRTCPeerConnection.prototype.getIdentityAssertion,71,promise
mozRTCPeerConnection.prototype.getLocalStreams,71,method
mozRTCPeerConnection.prototype.getReceivers,71,method
mozRTCPeerConnection.prototype.getRemoteStreams,71,method
mozRTCPeerConnection.prototype.getSenders,71,method
mozRTCPeerConnection.prototype.getStats,71,promise
mozRTCPeerConnection.prototype.getStreamById,71,method
mozRTCPeerConnection.prototype.removeStream,71,method
mozRTCPeerConnection.prototype.removeTrack,71,method
mozRTCPeerConnection.prototype.setIdentityProvider,71,method
mozRTCPeerConnection.prototype.setLocalDescription,71,promise
mozRTCPeerConnection.prototype.setRemoteDescription,71,promise
mozRTCPeerConnection.prototype.updateIce,71,method
MutationEvent.prototype.initMutationEvent,63,method
MutationObserver.prototype.disconnect,67,method
MutationObserver.prototype.observe,67,method
MutationObserver.prototype.takeRecords,67,method
NamedNodeMap.prototype.getNamedItem,11,method
NamedNodeMap.prototype.getNamedItemNS,11,method
NamedNodeMap.prototype.item,11,method
NamedNodeMap.prototype.removeNamedItem,11,method
NamedNodeMap.prototype.removeNamedItemNS,11,method
NamedNodeMap.prototype.setNamedItem,11,method
NamedNodeMap.prototype.setNamedItemNS,11,method
navigator.appCodeName,37,property
navigator.appName,37,property
navigator.appVersion,37,property
navigator.battery,1,property
navigator.buildID,76,property
navigator.cookieEnabled,37,property
navigator.doNotTrack,62,property
navigator.geolocation,27,property
navigator.language,40,property
navigator.languages,40,property
navigator.mediaDevices,43,property
navigator.mimeTypes,34,property
navigator.onLine,37,property
navigator.oscpu,76,property
navigator.platform,37,property
navigator.plugins,34,property
navigator.product,37,property
navigator.productSub,37,property
Navigator.prototype.getBattery,1,promise
Navigator.prototype.getGamepads,26,method
Navigator.prototype.javaEnabled,76,method
Navigator.prototype.registerContentHandler,37,method
Navigator.prototype.registerProtocolHandler,37,method
Navigator.prototype.requestMediaKeySystemAccess,21,method
Navigator.prototype.sendBeacon,2,method
Navigator.prototype.vibrate,66,method
navigator.userAgent,37,property
navigator.vendor,37,property
navigator.vendorSub,37,property
Node.prototype.appendChild,10,method
Node.prototype.cloneNode,10,method
Node.prototype.compareDocumentPosition,16,method
Node.prototype.contains,16,method
Node.prototype.hasChildNodes,10,method
Node.prototype.insertBefore,10,method
Node.prototype.isDefaultNamespace,16,method
Node.prototype.isEqualNode,16,method
Node.prototype.lookupNamespaceURI,16,method
Node.prototype.lookupPrefix,16,method
Node.prototype.normalize,10,method
Node.prototype.anElm,10,method
Node.prototype.replaceChild,10,method
NodeIterator.prototype.detach,15,method
NodeIterator.prototype.nextNode,15,method
NodeIterator.prototype.previousNode,15,method
NodeList.prototype.item,10,method
Notification.get,48,promise
Notification.prototype.close,48,method
Notification.requestPermission,48,method
OfflineAudioContext.prototype.resume,68,method
OfflineAudioContext.prototype.startRendering,68,promise
OfflineAudioContext.prototype.suspend,68,method
OfflineResourceList.prototype.mozAdd,39,method
OfflineResourceList.prototype.mozHasItem,39,method
OfflineResourceList.prototype.mozItem,39,method
OfflineResourceList.prototype.mozRemove,39,method
OfflineResourceList.prototype.swapCache,39,method
OfflineResourceList.prototype.update,39,method
OscillatorNode.prototype.setPeriodicWave,68,method
OscillatorNode.prototype.start,68,method
OscillatorNode.prototype.stop,68,method
PaintRequestList.prototype.item,76,method
PannerNode.prototype.setOrientation,68,method
PannerNode.prototype.setPosition,68,method
PannerNode.prototype.setVelocity,68,method
Path2D.prototype.addPath,31,method
Path2D.prototype.arc,31,method
Path2D.prototype.arcTo,31,method
Path2D.prototype.bezierCurveTo,31,method
Path2D.prototype.closePath,31,method
Path2D.prototype.lineTo,31,method
Path2D.prototype.moveTo,31,method
Path2D.prototype.quadraticCurveTo,31,method
Path2D.prototype.rect,31,method
performance.navigation,47,property
performance.navigation.redirectCount,47,property
performance.navigation.type,47,property
performance.onresourcetimingbufferfull,54,property
Performance.prototype.clearMarks,65,method
Performance.prototype.clearMeasures,65,method
Performance.prototype.clearResourceTimings,54,method
Performance.prototype.getEntries,51,method
Performance.prototype.getEntriesByName,50,method
Performance.prototype.getEntriesByType,50,method
Performance.prototype.mark,65,method
Performance.prototype.measure,65,method
Performance.prototype.now,29,method
Performance.prototype.setResourceTimingBufferSize,54,method
performance.timing,47,property
performance.timing.connectEnd,47,property
performance.timing.connectStart,47,property
performance.timing.domainLookupEnd,47,property
performance.timing.domainLookupStart,47,property
performance.timing.domComplete,47,property
performance.timing.domContentLoadedEventEnd,47,property
performance.timing.domContentLoadedEventStart,47,property
performance.timing.domInteractive,47,property
performance.timing.domLoading,47,property
performance.timing.fetchStart,47,property
performance.timing.loadEventEnd,47,property
performance.timing.loadEventStart,47,property
performance.timing.navigationStart,47,property
performance.timing.redirectEnd,47,property
performance.timing.redirectStart,47,property
performance.timing.requestStart,47,property
performance.timing.responseEnd,47,property
performance.timing.responseStart,47,property
performance.timing.unloadEventEnd,47,property
performance.timing.unloadEventStart,47,property
Plugin.prototype.item,34,method
Plugin.prototype.namedItem,34,method
PluginArray.prototype.item,34,method
PluginArray.prototype.namedItem,34,method
PluginArray.prototype.refresh,34,method
PropertyNodeList.prototype.getValues,37,method
Range.prototype.cloneContents,15,method
Range.prototype.cloneRange,15,method
Range.prototype.collapse,15,method
Range.prototype.compareBoundaryPoints,15,method
Range.prototype.comparePoint,15,method
Range.prototype.createContextualFragment,15,method
Range.prototype.deleteContents,15,method
Range.prototype.detach,15,method
Range.prototype.extractContents,15,method
Range.prototype.getBoundingClientRect,15,method
Range.prototype.getClientRects,15,method
Range.prototype.insertNode,15,method
Range.prototype.intersectsNode,15,method
Range.prototype.isPointInRange,15,method
Range.prototype.selectNode,15,method
Range.prototype.selectNodeContents,15,method
Range.prototype.setEnd,15,method
Range.prototype.setEndAfter,15,method
Range.prototype.setEndBefore,15,method
Range.prototype.setStart,15,method
Range.prototype.setStartAfter,15,method
Range.prototype.setStartBefore,15,method
Range.prototype.surroundContents,15,method
Request.prototype.arrayBuffer,23,promise
Request.prototype.blob,23,promise
Request.prototype.clone,23,method
Request.prototype.formData,23,promise
Request.prototype.json,23,promise
Request.prototype.text,23,promise
Response.error,23,method
Response.prototype.arrayBuffer,23,promise
Response.prototype.blob,23,promise
Response.prototype.clone,23,method
Response.prototype.formData,23,promise
Response.prototype.json,23,promise
Response.prototype.text,23,promise
Response.redirect,23,method
RTCRtpSender.prototype.replaceTrack,71,promise
RTCStatsReport.prototype.forEach,71,method
RTCStatsReport.prototype.get,71,method
RTCStatsReport.prototype.has,71,method
screen.availHeight,7,property
screen.availLeft,76,property
screen.availTop,76,property
screen.availWidth,7,property
screen.colorDepth,7,property
screen.height,7,property
screen.left,7,property
screen.mozOrientation,60,property
screen.onmozorientationchange,60,property
screen.orientation,60,property
screen.pixelDepth,7,property
Screen.prototype.mozLockOrientation,60,method
Screen.prototype.mozUnlockOrientation,60,method
screen.top,76,property
screen.width,7,property
ScreenOrientation.prototype.lock,60,promise
ScreenOrientation.prototype.unlock,60,method
ScrollAreaEvent.prototype.initScrollAreaEvent,76,method
Selection.prototype.addRange,56,method
Selection.prototype.collapse,56,method
Selection.prototype.collapseToEnd,56,method
Selection.prototype.collapseToStart,56,method
Selection.prototype.containsNode,56,method
Selection.prototype.deleteFromDocument,56,method
Selection.prototype.extend,56,method
Selection.prototype.getRangeAt,56,method
Selection.prototype.modify,56,method
Selection.prototype.removeAllRanges,56,method
Selection.prototype.removeRange,56,method
Selection.prototype.selectAllChildren,56,method
SimpleGestureEvent.prototype.initSimpleGestureEvent,76,method
SourceBuffer.prototype.abort,45,method
SourceBuffer.prototype.appendBuffer,45,method
SourceBuffer.prototype.remove,45,method
Storage.prototype.clear,36,method
Storage.prototype.getItem,36,method
Storage.prototype.key,36,method
Storage.prototype.removeItem,36,method
Storage.prototype.setItem,36,method
StorageEvent.prototype.initStorageEvent,36,method
StyleSheetList.prototype.item,6,method
SubtleCrypto.prototype.decrypt,69,promise
SubtleCrypto.prototype.deriveBits,69,promise
SubtleCrypto.prototype.deriveKey,69,promise
SubtleCrypto.prototype.digest,69,promise
SubtleCrypto.prototype.encrypt,69,promise
SubtleCrypto.prototype.exportKey,69,promise
SubtleCrypto.prototype.generateKey,69,promise
SubtleCrypto.prototype.importKey,69,promise
SubtleCrypto.prototype.sign,69,promise
SubtleCrypto.prototype.unwrapKey,69,promise
SubtleCrypto.prototype.verify,69,promise
SubtleCrypto.prototype.wrapKey,69,promise
SVGAngle.prototype.convertToSpecifiedUnits,55,method
SVGAngle.prototype.newValueSpecifiedUnits,55,method
SVGAnimationElement.prototype.beginElement,55,method
SVGAnimationElement.prototype.beginElementAt,55,method
SVGAnimationElement.prototype.endElement,55,method
SVGAnimationElement.prototype.endElementAt,55,method
SVGAnimationElement.prototype.getCurrentTime,55,method
SVGAnimationElement.prototype.getSimpleDuration,55,method
SVGAnimationElement.prototype.getStartTime,55,method
SVGAnimationElement.prototype.hasExtension,55,method
SVGFEDropShadowElement.prototype.setStdDeviation,55,method
SVGFEGaussianBlurElement.prototype.setStdDeviation,55,method
SVGFilterElement.apply,55,method
SVGGraphicsElement.prototype.getBBox,55,method
SVGGraphicsElement.prototype.getCTM,55,method
SVGGraphicsElement.prototype.getScreenCTM,55,method
SVGGraphicsElement.prototype.getTransformToElement,55,method
SVGGraphicsElement.prototype.hasExtension,55,method
SVGLength.prototype.convertToSpecifiedUnits,55,method
SVGLength.prototype.newValueSpecifiedUnits,55,method
SVGLengthList.prototype.appendItem,55,method
SVGLengthList.prototype.clear,55,method
SVGLengthList.prototype.getItem,55,method
SVGLengthList.prototype.initialize,55,method
SVGLengthList.prototype.insertItemBefore,55,method
SVGLengthList.prototype.removeItem,55,method
SVGLengthList.prototype.replaceItem,55,method
SVGMarkerElement.prototype.setOrientToAngle,55,method
SVGMarkerElement.prototype.setOrientToAuto,55,method
SVGMatrix.prototype.flipX,55,method
SVGMatrix.prototype.flipY,55,method
SVGMatrix.prototype.inverse,55,method
SVGMatrix.prototype.multiply,55,method
SVGMatrix.prototype.rotate,55,method
SVGMatrix.prototype.rotateFromVector,55,method
SVGMatrix.prototype.scale,55,method
SVGMatrix.prototype.scaleNonUniform,55,method
SVGMatrix.prototype.skewX,55,method
SVGMatrix.prototype.skewY,55,method
SVGMatrix.prototype.translate,55,method
SVGNumberList.prototype.appendItem,55,method
SVGNumberList.prototype.clear,55,method
SVGNumberList.prototype.getItem,55,method
SVGNumberList.prototype.initialize,55,method
SVGNumberList.prototype.insertItemBefore,55,method
SVGNumberList.prototype.removeItem,55,method
SVGNumberList.prototype.replaceItem,55,method
SVGPathElement.prototype.createSVGPathSegArcAbs,55,method
SVGPathElement.prototype.createSVGPathSegArcRel,55,method
SVGPathElement.prototype.createSVGPathSegClosePath,55,method
SVGPathElement.prototype.createSVGPathSegCurvetoCubicAbs,55,method
SVGPathElement.prototype.createSVGPathSegCurvetoCubicRel,55,method
SVGPathElement.prototype.createSVGPathSegCurvetoCubicSmoothAbs,55,method
SVGPathElement.prototype.createSVGPathSegCurvetoCubicSmoothRel,55,method
SVGPathElement.prototype.createSVGPathSegCurvetoQuadraticAbs,55,method
SVGPathElement.prototype.createSVGPathSegCurvetoQuadraticRel,55,method
SVGPathElement.prototype.createSVGPathSegCurvetoQuadraticSmoothAbs,55,method
SVGPathElement.prototype.createSVGPathSegCurvetoQuadraticSmoothRel,55,method
SVGPathElement.prototype.createSVGPathSegLinetoAbs,55,method
SVGPathElement.prototype.createSVGPathSegLinetoHorizontalAbs,55,method
SVGPathElement.prototype.createSVGPathSegLinetoHorizontalRel,55,method
SVGPathElement.prototype.createSVGPathSegLinetoRel,55,method
SVGPathElement.prototype.createSVGPathSegLinetoVerticalAbs,55,method
SVGPathElement.prototype.createSVGPathSegLinetoVerticalRel,55,method
SVGPathElement.prototype.createSVGPathSegMovetoAbs,55,method
SVGPathElement.prototype.createSVGPathSegMovetoRel,55,method
SVGPathElement.prototype.getPathSegAtLength,55,method
SVGPathElement.prototype.getPointAtLength,55,method
SVGPathElement.prototype.getTotalLength,55,method
SVGPathSegList.prototype.appendItem,55,method
SVGPathSegList.prototype.clear,55,method
SVGPathSegList.prototype.getItem,55,method
SVGPathSegList.prototype.initialize,55,method
SVGPathSegList.prototype.insertItemBefore,55,method
SVGPathSegList.prototype.removeItem,55,method
SVGPathSegList.prototype.replaceItem,55,method
SVGPoint.prototype.matrixTransform,55,method
SVGPointList.prototype.appendItem,55,method
SVGPointList.prototype.clear,55,method
SVGPointList.prototype.getItem,55,method
SVGPointList.prototype.initialize,55,method
SVGPointList.prototype.insertItemBefore,55,method
SVGPointList.prototype.removeItem,55,method
SVGPointList.prototype.replaceItem,55,method
SVGStringList.prototype.appendItem,55,method
SVGStringList.prototype.clear,55,method
SVGStringList.prototype.getItem,55,method
SVGStringList.prototype.initialize,55,method
SVGStringList.prototype.insertItemBefore,55,method
SVGStringList.prototype.removeItem,55,method
SVGStringList.prototype.replaceItem,55,method
SVGSVGElement.prototype.animationsPaused,55,method
SVGSVGElement.prototype.createSVGAngle,55,method
SVGSVGElement.prototype.createSVGLength,55,method
SVGSVGElement.prototype.createSVGMatrix,55,method
SVGSVGElement.prototype.createSVGNumber,55,method
SVGSVGElement.prototype.createSVGPoint,55,method
SVGSVGElement.prototype.createSVGRect,55,method
SVGSVGElement.prototype.createSVGTransform,55,method
SVGSVGElement.prototype.createSVGTransformFromMatrix,55,method
SVGSVGElement.prototype.deselectAll,55,method
SVGSVGElement.prototype.forceRedraw,55,method
SVGSVGElement.prototype.getCurrentTime,55,method
SVGSVGElement.prototype.getElementById,55,method
SVGSVGElement.prototype.pauseAnimations,55,method
SVGSVGElement.prototype.setCurrentTime,55,method
SVGSVGElement.prototype.suspendRedraw,55,method
SVGSVGElement.prototype.unpauseAnimations,55,method
SVGSVGElement.prototype.unsuspendRedraw,55,method
SVGSVGElement.prototype.unsuspendRedrawAll,55,method
SVGSymbolElement.prototype.hasExtension,55,method
SVGTextContentElement.prototype.getCharNumAtPosition,55,method
SVGTextContentElement.prototype.getComputedTextLength,55,method
SVGTextContentElement.prototype.getEndPositionOfChar,55,method
SVGTextContentElement.prototype.getExtentOfChar,55,method
SVGTextContentElement.prototype.getNumberOfChars,55,method
SVGTextContentElement.prototype.getRotationOfChar,55,method
SVGTextContentElement.prototype.getStartPositionOfChar,55,method
SVGTextContentElement.prototype.getSubStringLength,55,method
SVGTextContentElement.prototype.selectSubString,55,method
SVGTransform.prototype.setMatrix,55,method
SVGTransform.prototype.setRotate,55,method
SVGTransform.prototype.setScale,55,method
SVGTransform.prototype.setSkewX,55,method
SVGTransform.prototype.setSkewY,55,method
SVGTransform.prototype.setTranslate,55,method
SVGTransformList.prototype.appendItem,55,method
SVGTransformList.prototype.clear,55,method
SVGTransformList.prototype.consolidate,55,method
SVGTransformList.prototype.createSVGTransformFromMatrix,55,method
SVGTransformList.prototype.getItem,55,method
SVGTransformList.prototype.initialize,55,method
SVGTransformList.prototype.insertItemBefore,55,method
SVGTransformList.prototype.removeItem,55,method
SVGTransformList.prototype.replaceItem,55,method
Text.prototype.splitText,10,method
TextDecoder.prototype.decode,20,method
TextEncoder.prototype.encode,20,method
TextTrack.prototype.addCue,39,method
TextTrack.prototype.removeCue,39,method
TextTrackCueList.prototype.getCueById,39,method
TextTrackList.prototype.getTrackById,39,method
TimeEvent.prototype.initTimeEvent,39,method
TimeRanges.prototype.end,37,method
TimeRanges.prototype.start,37,method
TreeWalker.prototype.firstChild,15,method
TreeWalker.prototype.lastChild,15,method
TreeWalker.prototype.nextNode,15,method
TreeWalker.prototype.nextSibling,15,method
TreeWalker.prototype.parentNode,15,method
TreeWalker.prototype.previousNode,15,method
TreeWalker.prototype.previousSibling,15,method
UIEvent.prototype.initUIEvent,63,method
URL.createObjectURL,24,method
URL.revokeObjectURL,24,method
URLSearchParams.prototype.append,64,method
URLSearchParams.prototype.delete,64,method
URLSearchParams.prototype.get,64,method
URLSearchParams.prototype.getAll,64,method
URLSearchParams.prototype.has,64,method
URLSearchParams.prototype.set,64,method
VTTCue.prototype.getCueAsHTML,72,method
WebGLRenderingContext.prototype.activeTexture,70,method
WebGLRenderingContext.prototype.attachShader,70,method
WebGLRenderingContext.prototype.bindAttribLocation,70,method
WebGLRenderingContext.prototype.bindBuffer,70,method
WebGLRenderingContext.prototype.bindFramebuffer,70,method
WebGLRenderingContext.prototype.bindRenderbuffer,70,method
WebGLRenderingContext.prototype.bindTexture,70,method
WebGLRenderingContext.prototype.blendColor,70,method
WebGLRenderingContext.prototype.blendEquation,70,method
WebGLRenderingContext.prototype.blendEquationSeparate,70,method
WebGLRenderingContext.prototype.blendFunc,70,method
WebGLRenderingContext.prototype.blendFuncSeparate,70,method
WebGLRenderingContext.prototype.bufferData,70,method
WebGLRenderingContext.prototype.bufferSubData,70,method
WebGLRenderingContext.prototype.checkFramebufferStatus,70,method
WebGLRenderingContext.prototype.clear,70,method
WebGLRenderingContext.prototype.clearColor,70,method
WebGLRenderingContext.prototype.clearDepth,70,method
WebGLRenderingContext.prototype.clearStencil,70,method
WebGLRenderingContext.prototype.colorMask,70,method
WebGLRenderingContext.prototype.compileShader,70,method
WebGLRenderingContext.prototype.compressedTexImage2D,70,method
WebGLRenderingContext.prototype.compressedTexSubImage2D,70,method
WebGLRenderingContext.prototype.copyTexImage2D,70,method
WebGLRenderingContext.prototype.copyTexSubImage2D,70,method
WebGLRenderingContext.prototype.createBuffer,70,method
WebGLRenderingContext.prototype.createFramebuffer,70,method
WebGLRenderingContext.prototype.createProgram,70,method
WebGLRenderingContext.prototype.createRenderbuffer,70,method
WebGLRenderingContext.prototype.createShader,70,method
WebGLRenderingContext.prototype.createTexture,70,method
WebGLRenderingContext.prototype.cullFace,70,method
WebGLRenderingContext.prototype.deleteBuffer,70,method
WebGLRenderingContext.prototype.deleteFramebuffer,70,method
WebGLRenderingContext.prototype.deleteProgram,70,method
WebGLRenderingContext.prototype.deleteRenderbuffer,70,method
WebGLRenderingContext.prototype.deleteShader,70,method
WebGLRenderingContext.prototype.deleteTexture,70,method
WebGLRenderingContext.prototype.depthFunc,70,method
WebGLRenderingContext.prototype.depthMask,70,method
WebGLRenderingContext.prototype.depthRange,70,method
WebGLRenderingContext.prototype.detachShader,70,method
WebGLRenderingContext.prototype.disable,70,method
WebGLRenderingContext.prototype.disableVertexAttribArray,70,method
WebGLRenderingContext.prototype.drawArrays,70,method
WebGLRenderingContext.prototype.drawElements,70,method
WebGLRenderingContext.prototype.enable,70,method
WebGLRenderingContext.prototype.enableVertexAttribArray,70,method
WebGLRenderingContext.prototype.finish,70,method
WebGLRenderingContext.prototype.flush,70,method
WebGLRenderingContext.prototype.framebufferRenderbuffer,70,method
WebGLRenderingContext.prototype.framebufferTexture2D,70,method
WebGLRenderingContext.prototype.frontFace,70,method
WebGLRenderingContext.prototype.generateMipmap,70,method
WebGLRenderingContext.prototype.getActiveAttrib,70,method
WebGLRenderingContext.prototype.getActiveUniform,70,method
WebGLRenderingContext.prototype.getAttachedShaders,70,method
WebGLRenderingContext.prototype.getAttribLocation,70,method
WebGLRenderingContext.prototype.getBufferParameter,70,method
WebGLRenderingContext.prototype.getContextAttributes,70,method
WebGLRenderingContext.prototype.getError,70,method
WebGLRenderingContext.prototype.getExtension,70,method
WebGLRenderingContext.prototype.getFramebufferAttachmentParameter,70,method
WebGLRenderingContext.prototype.getParameter,70,method
WebGLRenderingContext.prototype.getProgramInfoLog,70,method
WebGLRenderingContext.prototype.getProgramParameter,70,method
WebGLRenderingContext.prototype.getRenderbufferParameter,70,method
WebGLRenderingContext.prototype.getShaderInfoLog,70,method
WebGLRenderingContext.prototype.getShaderParameter,70,method
WebGLRenderingContext.prototype.getShaderPrecisionFormat,70,method
WebGLRenderingContext.prototype.getShaderSource,70,method
WebGLRenderingContext.prototype.getSupportedExtensions,70,method
WebGLRenderingContext.prototype.getTexParameter,70,method
WebGLRenderingContext.prototype.getUniform,70,method
WebGLRenderingContext.prototype.getUniformLocation,70,method
WebGLRenderingContext.prototype.getVertexAttrib,70,method
WebGLRenderingContext.prototype.getVertexAttribOffset,70,method
WebGLRenderingContext.prototype.hint,70,method
WebGLRenderingContext.prototype.isBuffer,70,method
WebGLRenderingContext.prototype.isContextLost,70,method
WebGLRenderingContext.prototype.isEnabled,70,method
WebGLRenderingContext.prototype.isFramebuffer,70,method
WebGLRenderingContext.prototype.isProgram,70,method
WebGLRenderingContext.prototype.isRenderbuffer,70,method
WebGLRenderingContext.prototype.isShader,70,method
WebGLRenderingContext.prototype.isTexture,70,method
WebGLRenderingContext.prototype.lineWidth,70,method
WebGLRenderingContext.prototype.linkProgram,70,method
WebGLRenderingContext.prototype.pixelStorei,70,method
WebGLRenderingContext.prototype.polygonOffset,70,method
WebGLRenderingContext.prototype.readPixels,70,method
WebGLRenderingContext.prototype.renderbufferStorage,70,method
WebGLRenderingContext.prototype.sampleCoverage,70,method
WebGLRenderingContext.prototype.scissor,70,method
WebGLRenderingContext.prototype.shaderSource,70,method
WebGLRenderingContext.prototype.stencilFunc,70,method
WebGLRenderingContext.prototype.stencilFuncSeparate,70,method
WebGLRenderingContext.prototype.stencilMask,70,method
WebGLRenderingContext.prototype.stencilMaskSeparate,70,method
WebGLRenderingContext.prototype.stencilOp,70,method
WebGLRenderingContext.prototype.stencilOpSeparate,70,method
WebGLRenderingContext.prototype.texImage2D,70,method
WebGLRenderingContext.prototype.texParameterf,70,method
WebGLRenderingContext.prototype.texParameteri,70,method
WebGLRenderingContext.prototype.texSubImage2D,70,method
WebGLRenderingContext.prototype.uniform1f,70,method
WebGLRenderingContext.prototype.uniform1fv,70,method
WebGLRenderingContext.prototype.uniform1i,70,method
WebGLRenderingContext.prototype.uniform1iv,70,method
WebGLRenderingContext.prototype.uniform2f,70,method
WebGLRenderingContext.prototype.uniform2fv,70,method
WebGLRenderingContext.prototype.uniform2i,70,method
WebGLRenderingContext.prototype.uniform2iv,70,method
WebGLRenderingContext.prototype.uniform3f,70,method
WebGLRenderingContext.prototype.uniform3fv,70,method
WebGLRenderingContext.prototype.uniform3i,70,method
WebGLRenderingContext.prototype.uniform3iv,70,method
WebGLRenderingContext.prototype.uniform4f,70,method
WebGLRenderingContext.prototype.uniform4fv,70,method
WebGLRenderingContext.prototype.uniform4i,70,method
WebGLRenderingContext.prototype.uniform4iv,70,method
WebGLRenderingContext.prototype.uniformMatrix2fv,70,method
WebGLRenderingContext.prototype.uniformMatrix3fv,70,method
WebGLRenderingContext.prototype.uniformMatrix4fv,70,method
WebGLRenderingContext.prototype.useProgram,70,method
WebGLRenderingContext.prototype.validateProgram,70,method
WebGLRenderingContext.prototype.vertexAttrib1f,70,method
WebGLRenderingContext.prototype.vertexAttrib1fv,70,method
WebGLRenderingContext.prototype.vertexAttrib2f,70,method
WebGLRenderingContext.prototype.vertexAttrib2fv,70,method
WebGLRenderingContext.prototype.vertexAttrib3f,70,method
WebGLRenderingContext.prototype.vertexAttrib3fv,70,method
WebGLRenderingContext.prototype.vertexAttrib4f,70,method
WebGLRenderingContext.prototype.vertexAttrib4fv,70,method
WebGLRenderingContext.prototype.vertexAttribPointer,70,method
WebGLRenderingContext.prototype.viewport,70,method
WebSocket.prototype.close,32,method
WebSocket.prototype.send,32,method
window.alert,39,method
window.applicationCache,39,property
window.atob,39,method
window.blur,37,method
window.btoa,39,method
window.caches,58,property
window.cancelAnimationFrame,61,method
window.clearInterval,18,method
window.clearTimeout,18,method
window.close,37,method
window.closed,37,property
window.confirm,39,method
window.console,37,property
window.content,76,property
window.controllers,76,property
window.createImageBitmap,37,promise
window.crypto,69,property
window.devicePixelRatio,7,property
window.document,37,property
window.dump,76,method
window.external,76,property
window.fetch,23,promise
window.find,76,method
window.focus,37,method
window.frameElement,37,property
window.frames,37,property
window.fullScreen,76,property
window.getComputedStyle,14,method
window.getDefaultComputedStyle,76,method
window.getSelection,56,method
window.history,38,property
window.indexedDB,42,property
window.innerHeight,7,property
window.innerWidth,7,property
window.length,37,property
window.localStorage,36,property
window.location,37,property
window.locationbar,39,property
window.matchMedia,7,method
window.menubar,39,property
window.moveBy,7,method
window.moveTo,7,method
window.mozInnerScreenX,76,property
window.mozInnerScreenY,76,property
window.mozPaintCount,76,property
window.name,37,property
window.navigator,37,property
window.onabort,37,property
window.onafterprint,37,property
window.onbeforeprint,37,property
window.onbeforeunload,37,property
window.onblur,37,property
window.oncanplay,37,property
window.oncanplaythrough,37,property
window.onchange,37,property
window.onclick,37,property
window.oncontextmenu,37,property
window.ondblclick,37,property
window.ondevicelight,74,property
window.ondevicemotion,60,property
window.ondeviceorientation,60,property
window.ondeviceproximity,53,property
window.ondrag,37,property
window.ondragend,37,property
window.ondragenter,37,property
window.ondragleave,37,property
window.ondragover,37,property
window.ondragstart,37,property
window.ondrop,76,property
window.ondurationchange,37,property
window.onemptied,37,property
window.onended,37,property
window.onerror,37,property
window.onfocus,37,property
window.onhashchange,37,property
window.oninput,37,property
window.oninvalid,37,property
window.onkeydown,37,property
window.onkeypress,37,property
window.onkeyup,37,property
window.onlanguagechange,37,property
window.onloadeddata,37,property
window.onloadedmetadata,37,property
window.onloadstart,37,property
window.onmessage,37,property
window.onmousedown,37,property
window.onmouseenter,37,property
window.onmouseleave,37,property
window.onmousemove,37,property
window.onmouseout,37,property
window.onmouseover,37,property
window.onmouseup,37,property
window.onmozfullscreenchange,25,property
window.onmozfullscreenerror,25,property
window.onmozpointerlockchange,52,property
window.onmozpointerlockerror,52,property
window.onoffline,37,property
window.ononline,37,property
window.onpagehide,37,property
window.onpageshow,37,property
window.onpause,37,property
window.onplay,37,property
window.onplaying,37,property
window.onpopstate,37,property
window.onprogress,37,property
window.onratechange,37,property
window.onreset,37,property
window.onresize,37,property
window.onscroll,37,property
window.onseeked,37,property
window.onseeking,37,property
window.onselect,37,property
window.onshow,37,property
window.onstalled,37,property
window.onsubmit,37,property
window.onsuspend,37,property
window.ontimeupdate,37,property
window.onunload,37,property
window.onuserproximity,53,property
window.onvolumechange,37,property
window.onwaiting,37,property
window.onwheel,37,property
window.open,37,method
window.opener,37,property
window.outerHeight,7,property
window.outerWidth,7,property
window.pageXOffset,7,property
window.pageYOffset,7,property
window.parent,37,property
window.personalbar,39,property
window.postMessage,33,method
window.print,39,method
window.prompt,39,method
window.releaseEvents,76,method
window.requestAnimationFrame,31,method
window.resizeBy,7,method
window.resizeTo,7,method
window.screen,7,property
window.screenX,7,property
window.screenY,7,property
window.scroll,7,method
window.scrollbars,39,property
window.scrollBy,7,method
window.scrollByLines,76,method
window.scrollByPages,76,method
window.scrollMaxX,76,property
window.scrollMaxY,76,property
window.scrollTo,7,method
window.scrollX,7,property
window.scrollY,7,property
window.self,37,property
window.sessionStorage,36,property
window.setInterval,37,method
window.setResizable,37,method
window.setTimeout,37,method
window.showModalDialog,37,method
window.sidebar,76,property
window.sizeToContent,76,method
window.status,39,property
window.statusbar,39,property
window.stop,37,method
window.toolbar,39,property
window.top,37,property
window.updateCommands,76,method
window.window,37,property
Worker.prototype.postMessage,35,method
Worker.prototype.terminate,35,method
XMLDocument.prototype.load,37,method
XMLHttpRequest.prototype.abort,73,method
XMLHttpRequest.prototype.getAllResponseHeaders,73,method
XMLHttpRequest.prototype.getResponseHeader,73,method
XMLHttpRequest.prototype.open,73,method
XMLHttpRequest.prototype.overrideMimeType,73,method
XMLHttpRequest.prototype.send,73,method
XMLHttpRequest.prototype.setRequestHeader,73,method
XMLSerializer.prototype.serializeToString,19,method
XPathEvaluator.prototype.createExpression,17,method
XPathEvaluator.prototype.createNSResolver,17,method
XPathEvaluator.prototype.evaluate,17,method
XPathExpression.prototype.evaluate,17,method
XPathResult.prototype.iterateNext,17,method
XPathResult.prototype.snapshotItem,17,method
XSLTProcessor.prototype.clearParameters,76,method
XSLTProcessor.prototype.getParameter,76,method
XSLTProcessor.prototype.importStylesheet,76,method
XSLTProcessor.prototype.removeParameter,76,method
XSLTProcessor.prototype.reset,76,method
XSLTProcessor.prototype.setParameter,76,method
XSLTProcessor.prototype.transformToDocument,76,method
XSLTProcessor.prototype.transformToFragment,76,method
navigator.geolocation.getCurrentPosition,27,method
navigator.geolocation.watchPosition,27,method
navigator.geolocation.clearWatch,27,method
location.href,39,property