3,CO
22,EC
2,BE
7,CSS-VM
6,CSS-OM
18,DOM
19,DOM-PS
9,DU
14,DOM2-S
1,BA
4,CSS-CR
12,DOM2-E
10,DOM1
17,DOM3-X
20,E
11,DOM2-C
15,DOM2-T
13,DOM2-H
5,CSS-FO
16,DOM3-C
8,DO
21,EME
76,NS
32,H-WS
31,H-C
30,H-B
33,H-CM
41,H-E
35,H-WW
36,H-WB
38,H-HI
34,H-P
40,HTML51
42,IDB
27,GEO
24,FA
23,F
29,HRT
39,HTML5
25,FULL
37,HTML
28,GIM
26,GP
65,UTL
60,SO
64,URL
62,TPE
63,UIE
66,V
67,DOM4
59,SD
61,TC
68,WEBA
69,WCR
70,WEBGL
73,AJAX
72,WEBVTT
74,ALS
71,WRTC
47,NT
46,MSR
44,MCD
43,MCS
45,MSE
48,WN
53,PE
54,RT
55,SVG
51,PT2
57,SLC
58,SW
50,PT
52,PL
56,SEL
49,PV
